seed,initial_fleet_cap,initial_fleet_cost_per_aircraft,status,solver_reported_gap,objective,initial_fleet_allocated,expected_initial_deployed,initial_allocation_cost,expected_unserved_booked,expected_unserved_on_demand,expected_departures,variables,constraints,max_constraint_violation,max_integrality_error,max_bound_violation,objective_reconciliation_error
60,0,240.0,Optimal,0.0,-1020.1538520165069,0,0.0,0.0,3.3000000000000007,3.500000000000001,1.6000000000000003,1895,1105,0.0,0.0,0.0,1.1368683772161603e-13
60,1,240.0,Optimal,0.0,-530.035237250357,1,1.0000000000000002,240.0,1.7000000000000004,1.8000000000000003,2.6000000000000005,1895,1105,0.0,0.0,0.0,1.1368683772161603e-13
60,2,240.0,Optimal,0.0,-263.88290322443066,2,2.0000000000000004,480.0,0.7000000000000001,0.6000000000000001,3.600000000000001,1895,1105,2.220446049250313e-16,2.220446049250313e-16,0.0,1.7053025658242404e-13
60,3,240.0,Optimal,0.0,-180.18270113479502,3,3.0,720.0,0.0,0.0,4.2,1895,1105,0.0,0.0,0.0,2.2737367544323206e-13
60,4,240.0,Optimal,0.0,-180.18270113479502,3,3.0,720.0,0.0,0.0,4.2,1895,1105,0.0,0.0,0.0,2.2737367544323206e-13
60,6,240.0,Optimal,0.0,-180.18270113479502,3,3.0,720.0,0.0,0.0,4.2,1895,1105,0.0,0.0,0.0,2.2737367544323206e-13
60,0,300.0,Optimal,0.0,-1020.1538520165069,0,0.0,0.0,3.3000000000000007,3.500000000000001,1.6000000000000003,1895,1105,0.0,0.0,0.0,1.1368683772161603e-13
60,1,300.0,Optimal,0.0,-590.035237250357,1,1.0000000000000002,300.0,1.7000000000000004,1.8000000000000003,2.6000000000000005,1895,1105,0.0,0.0,0.0,1.1368683772161603e-13
60,2,300.0,Optimal,0.0,-383.88290322443066,2,2.0000000000000004,600.0,0.7000000000000001,0.6000000000000001,3.600000000000001,1895,1105,2.220446049250313e-16,2.220446049250313e-16,0.0,1.7053025658242404e-13
60,3,300.0,Optimal,0.0,-360.182701134795,3,3.0,900.0,0.0,0.0,4.2,1895,1105,0.0,0.0,0.0,2.2737367544323206e-13
60,4,300.0,Optimal,0.0,-360.182701134795,3,3.0,900.0,0.0,0.0,4.2,1895,1105,0.0,0.0,0.0,2.2737367544323206e-13
60,6,300.0,Optimal,0.0,-360.182701134795,3,3.0,900.0,0.0,0.0,4.2,1895,1105,0.0,0.0,0.0,2.2737367544323206e-13
60,0,350.0,Optimal,0.0,-1020.1538520165069,0,0.0,0.0,3.3000000000000007,3.500000000000001,1.6000000000000003,1895,1105,0.0,0.0,0.0,1.1368683772161603e-13
60,1,350.0,Optimal,0.0,-640.035237250357,1,1.0000000000000002,350.0,1.7000000000000004,1.8000000000000003,2.6000000000000005,1895,1105,0.0,0.0,0.0,1.1368683772161603e-13
60,2,350.0,Optimal,0.0,-483.88290322443066,2,2.0000000000000004,700.0,0.7000000000000001,0.6000000000000001,3.600000000000001,1895,1105,2.220446049250313e-16,2.220446049250313e-16,0.0,1.7053025658242404e-13
60,3,350.0,Optimal,0.0,-483.88290322443066,2,2.0000000000000004,700.0,0.7000000000000001,0.6000000000000001,3.600000000000001,1895,1105,0.0,0.0,0.0,1.7053025658242404e-13
60,4,350.0,Optimal,0.0,-483.88290322443066,2,2.0000000000000004,700.0,0.7000000000000001,0.6000000000000001,3.600000000000001,1895,1105,0.0,0.0,0.0,1.7053025658242404e-13
60,6,350.0,Optimal,0.0,-483.88290322443066,2,2.0000000000000004,700.0,0.7000000000000002,0.6000000000000001,3.600000000000001,1895,1105,2.220446049250313e-16,2.220446049250313e-16,0.0,1.7053025658242404e-13
60,0,400.0,Optimal,0.0,-1020.1538520165069,0,0.0,0.0,3.3000000000000007,3.500000000000001,1.6000000000000003,1895,1105,0.0,0.0,0.0,1.1368683772161603e-13
60,1,400.0,Optimal,0.0,-690.035237250357,1,1.0000000000000002,400.0,1.7000000000000004,1.8000000000000003,2.6000000000000005,1895,1105,0.0,0.0,0.0,1.1368683772161603e-13
60,2,400.0,Optimal,0.0,-583.8829032244307,2,2.0000000000000004,800.0,0.7000000000000001,0.6000000000000001,3.600000000000001,1895,1105,0.0,0.0,0.0,1.1368683772161603e-13
60,3,400.0,Optimal,0.0,-583.8829032244307,2,2.0000000000000004,800.0,0.7000000000000001,0.6000000000000001,3.600000000000001,1895,1105,0.0,0.0,0.0,1.1368683772161603e-13
60,4,400.0,Optimal,0.0,-583.8829032244307,2,2.0000000000000004,800.0,0.7000000000000001,0.6000000000000001,3.600000000000001,1895,1105,0.0,0.0,0.0,1.1368683772161603e-13
60,6,400.0,Optimal,0.0,-583.8829032244307,2,2.0000000000000004,800.0,0.7000000000000002,0.6000000000000001,3.600000000000001,1895,1105,4.440892098500626e-16,4.440892098500626e-16,0.0,1.1368683772161603e-13
60,0,500.0,Optimal,0.0,-1020.1538520165069,0,0.0,0.0,3.3000000000000007,3.500000000000001,1.6000000000000003,1895,1105,0.0,0.0,0.0,1.1368683772161603e-13
60,1,500.0,Optimal,0.0,-790.035237250357,1,1.0000000000000002,500.0,1.7000000000000004,1.8000000000000003,2.6000000000000005,1895,1105,3.3306690738754696e-16,3.3306690738754696e-16,0.0,0.0
60,2,500.0,Optimal,0.0,-783.8829032244307,2,2.0000000000000004,1000.0,0.7000000000000001,0.6000000000000001,3.600000000000001,1895,1105,0.0,0.0,0.0,1.1368683772161603e-13
60,3,500.0,Optimal,0.0,-783.8829032244307,2,2.0000000000000004,1000.0,0.7000000000000001,0.6000000000000001,3.600000000000001,1895,1105,0.0,0.0,0.0,1.1368683772161603e-13
60,4,500.0,Optimal,0.0,-783.8829032244307,2,2.0000000000000004,1000.0,0.7000000000000001,0.6000000000000001,3.600000000000001,1895,1105,0.0,0.0,0.0,1.1368683772161603e-13
60,6,500.0,Optimal,0.0,-783.8829032244307,2,2.0000000000000004,1000.0,0.7000000000000001,0.6000000000000001,3.600000000000001,1895,1105,0.0,0.0,0.0,1.1368683772161603e-13
60,0,600.0,Optimal,0.0,-1020.1538520165069,0,0.0,0.0,3.3000000000000007,3.500000000000001,1.6000000000000003,1895,1105,0.0,0.0,0.0,1.1368683772161603e-13
60,1,600.0,Optimal,0.0,-890.035237250357,1,1.0000000000000002,600.0,1.7000000000000004,1.8000000000000003,2.6000000000000005,1895,1105,3.3306690738754696e-16,3.3306690738754696e-16,0.0,0.0
60,2,600.0,Optimal,0.0,-890.035237250357,1,1.0000000000000002,600.0,1.7000000000000004,1.8000000000000003,2.6000000000000005,1895,1105,0.0,0.0,0.0,1.1368683772161603e-13
60,3,600.0,Optimal,0.0,-890.035237250357,1,1.0000000000000002,600.0,1.7000000000000004,1.8000000000000003,2.6000000000000005,1895,1105,0.0,0.0,0.0,1.1368683772161603e-13
60,4,600.0,Optimal,0.0,-890.035237250357,1,1.0000000000000002,600.0,1.7000000000000002,1.8000000000000003,2.6000000000000005,1895,1105,5.551115123125783e-16,5.551115123125783e-16,0.0,0.0
60,6,600.0,Optimal,0.0,-890.035237250357,1,1.0000000000000002,600.0,1.7000000000000004,1.8000000000000003,2.6000000000000005,1895,1105,0.0,0.0,0.0,1.1368683772161603e-13
60,0,800.0,Optimal,0.0,-1020.1538520165069,0,0.0,0.0,3.3000000000000007,3.500000000000001,1.6000000000000003,1895,1105,0.0,0.0,0.0,1.1368683772161603e-13
60,1,800.0,Optimal,0.0,-1020.1538520165069,0,0.0,0.0,3.3000000000000007,3.500000000000001,1.6000000000000003,1895,1105,0.0,0.0,0.0,1.1368683772161603e-13
60,2,800.0,Optimal,0.0,-1020.1538520165069,0,0.0,0.0,3.3000000000000007,3.500000000000001,1.6000000000000003,1895,1105,0.0,0.0,0.0,1.1368683772161603e-13
60,3,800.0,Optimal,0.0,-1020.1538520165069,0,0.0,0.0,3.3000000000000007,3.500000000000001,1.6000000000000003,1895,1105,0.0,0.0,0.0,1.1368683772161603e-13
60,4,800.0,Optimal,0.0,-1020.1538520165069,0,0.0,0.0,3.3000000000000007,3.500000000000001,1.6000000000000003,1895,1105,0.0,0.0,0.0,1.1368683772161603e-13
60,6,800.0,Optimal,0.0,-1020.1538520165069,0,0.0,0.0,3.3000000000000007,3.500000000000001,1.6000000000000003,1895,1105,0.0,0.0,0.0,1.1368683772161603e-13
