scope,seed,requested_passengers,expected_model_passengers,bookings,raw_scenarios,retained_scenarios,effective_scenarios,max_scenario_probability,horizon_minutes,destinations,initial_fleet_cap,initial_fleet_cost,variables,integer_variables,constraints,generation_seconds,reduction_seconds,build_seconds,solve_seconds,status,gap,objective,initial_fleet_allocated,max_constraint_violation,max_integrality_error,max_bound_violation,inventory_passed,error
all-geographic,60,200.0,199.99999999999997,80,20,10,5.555555555555557,0.29999999999999993,240,9,12,60.0,23289,16356,9488,0.17468229999940377,0.003836899995803833,0.2755518000049051,68.63165619999927,Optimal,0.0367371446081534,3412.6908289308894,12,0.0,0.0,0.0,True,
all-geographic,64,200.0,199.99999999999997,80,20,10,4.8780487804878065,0.3499999999999999,240,9,12,60.0,23148,16356,9463,0.17034219999914058,0.003518700003041886,0.2785657999920659,11.801307000001543,Optimal,0.030428785917640793,3818.9587062166593,12,3.552713678800501e-15,7.024683864901715e-15,2.220446049250313e-16,True,
all-geographic,67,200.0,199.99999999999997,80,20,10,7.142857142857142,0.25,240,9,12,60.0,23580,16356,9533,0.17998960000113584,0.0035796000011032447,0.31266489998961333,256.5154451999988,Optimal,0.0188591161145542,1108.9743382891152,12,2.7564617255393387e-12,5.693845395171593e-11,2.963104885723858e-12,True,
all-geographic,60,500.0,499.99999999999994,200,50,15,7.352941176470584,0.27999999999999997,240,9,12,60.0,49762,24251,16175,1.0263588999951025,0.014281699986895546,0.6107772999966983,30.0994262000022,Optimal,0.01159719407654165,-29685.98409645626,12,8.881784197001252e-16,8.881784197001252e-16,0.0,True,
all-geographic,64,500.0,499.99999999999994,200,50,15,10.080645161290322,0.16,240,9,12,60.0,49808,24251,16140,1.013332000002265,0.014090500000747852,0.5841935000062222,162.4949556000065,Optimal,0.049919590923587456,-30562.47021182551,12,1.7763568394002505e-13,1.965094753586527e-13,1.5010215292932116e-13,True,
all-geographic,67,500.0,499.99999999999994,200,50,15,9.398496240601508,0.18,240,9,12,60.0,50608,24251,16221,1.04672450000362,0.014500400007818826,0.5929194000054849,143.69279629999073,Optimal,0.0474642622184125,-32261.29521025164,12,1.072305481719934e-12,9.898748487557896e-13,9.898748487557896e-13,True,
all-geographic,60,1000.0,999.9999999999999,400,100,20,13.586956521739136,0.14999999999999997,240,9,12,60.0,105617,32146,26513,4.0567015999986324,0.04858659999445081,1.224591700010933,48.184836400003405,Optimal,0.02137275770161633,-100108.13646095245,12,0.0,2.220446049250313e-15,0.0,True,
all-geographic,64,1000.0,999.9999999999999,400,100,20,13.6986301369863,0.13,240,9,12,60.0,100490,32146,26302,4.03201270000136,0.04694580000068527,1.1565632999991067,65.32627830001002,Optimal,0.013139644691518593,-94381.41788187835,12,0.0,1.7319479184152442e-14,1.7319479184152442e-14,True,
all-geographic,67,1000.0,999.9999999999999,400,100,20,14.97005988023953,0.10999999999999999,240,9,12,60.0,104640,32146,26435,4.143842899997253,0.04762160000973381,1.2457226000115043,88.6404315999971,Optimal,0.01853663793642319,-98535.55164263233,12,2.220446049250313e-16,5.773159728050814e-15,8.881784197001252e-16,True,
all-geographic,60,2000.0,1999.9999999999998,800,200,30,21.48227712137489,0.07999999999999999,240,9,12,60.0,268885,47936,54307,15.776372399996035,0.17195889999857172,2.997723299995414,8.102358300006017,Infeasible,,0.0,,,,,False,No certified target-gap solution; do not interpret decision metrics
all-geographic,64,2000.0,1999.9999999999998,800,200,30,19.84126984126985,0.11499999999999999,240,9,12,60.0,262420,47936,54458,16.05313970000134,0.16969870000320952,3.036946300009731,7.922057999996468,Infeasible,,0.0,,,,,False,No certified target-gap solution; do not interpret decision metrics
all-geographic,67,2000.0,1999.9999999999998,800,200,30,20.470829068577288,0.09499999999999999,240,9,12,60.0,262221,47936,54393,15.846633799999836,0.1691757999942638,3.137949399999343,8.0007123999967,Infeasible,,0.0,,,,,False,No certified target-gap solution; do not interpret decision metrics
